文献层级,文献信息,DOI,样本量及样本特征,暴露因素,影像方法,主要研究目的及相应的结果,其他测量/结局,comment
1-肺癌脑结构功能,Hu L 等 (2026). Curr Med Imaging,10.2174/0115734056415041251203091854,n=102例非小细胞肺癌（NSCLC）：53例未化疗CT(-)、49例化疗CT(+)、56名健康对照；中国南京。,化疗与否（CT+ vs CT- vs 健康对照）；摘要未涉及放疗或靶向分组,DTI-ALPS指数评估类淋巴功能；脉络丛（CP）体积；基于扩散张量成像；摘要未报告序列参数与层厚,目的：探讨化疗对NSCLC患者类淋巴系统的影响及其与认知结局的关联。结果：三组DTI-ALPS指数与CP体积差异显著；事后比较示CT(+)组ALPS指数低于CT(-)与对照、CP体积更大；ALPS与MoCA正相关、CP体积与MoCA负相关；ALPS部分中介CP体积与MoCA关系（中介比例约32.79%）。,MoCA,
1-肺癌脑结构功能,Xie X 等 (2023). Quant Imaging Med Surg,10.21037/qims-22-1376,n=35例肺癌伴脑转移（BM）连续前瞻入组（2020.6–2021.12），最终完成WBRT前后纵向分析n=19；中位随访约6月；单中心浙江；病理亚型摘要未区分NSCLC/SCLC。,全脑放疗（WBRT）治疗前后对比；摘要未报告同步化疗/靶向细节,DKI与T1加权MRI于WBRT前后采集；AAL图谱分区提取MD、FA、MK、AK等；以MMSE的RCI-PE定义显著认知下降；摘要未写明层厚与具体采集参数,目的：评估DKI参数检测WBRT后早期辐射诱导脑微结构改变及其与神经认知下降关联的潜力。结果：WBRT后2–6月RCI-PE显著下降；至少28个脑区至少一项扩散参数出现亚急性改变；9个脑区扩散参数变化与RCI-PE显著相关（如右眶部额下回AK、左中颞回MK等）。,MMSE（RCI-PE）,
1-肺癌脑结构功能,Hu L 等 (2025). Quant Imaging Med Surg,10.21037/qims-24-1321,n=43例NSCLC：20例化疗后CT(+)、23例化疗初治/未化疗CT(-)；中国南京；同期完成影像与神经认知评估。,化疗（CT+ vs CT-）；摘要未报告放疗或靶向分组,pCASL测定脑血流（CBF）；rs-fMRI计算ALFF与ReHo；以CBF与ALFF/ReHo构建全局与区域神经血管耦合（NVC）指标；摘要未写明层厚/TR等采集细节,目的：阐明化疗后NSCLC患者NVC变化及其与CRCI关系。结果：CT(+)组全局CBF-ALFF与CBF-ReHo相关耦合弱于CT(-)；多脑区CBF:ALFF与CBF:ReHo比值组间差异（FDR校正）；MoCA总分与记忆分与部分区域CBF:ALFF比值负相关；提示化疗相关神经血管解耦与认知表现相关。,MoCA及记忆等认知测查,
1-肺癌脑结构功能,Zhang Y 等 (2020). Brain Imaging Behav,10.1007/s11682-018-0030-y,n=21例化疗后肺癌、27例未化疗肺癌与30名健康对照；年龄性别教育匹配；中国南京；摘要统称肺癌未报告NSCLC与SCLC构成。,化疗后 vs 未化疗 vs 健康对照；摘要未区分放疗或靶向,静息态功能MRI；以后扣带回（PCC）为种子分析默认网络（DMN）功能连接；摘要未报告TR与层厚等序列细节,目的：探讨肺癌患者化疗后DMN内在功能连接改变及其与认知损害关系。结果：化疗组较未化疗组PCC与右ACC、左IPL、左mPFC功能连接降低、与左中央后回连接增高；较对照组亦见PCC与左ACC及左颞叶等FC改变；化疗组PCC至双侧ACC的FC降低与MoCA降低呈正相关；提示DMN功能紊乱可能参与化疗相关认知损害机制。,MoCA,
1-肺癌脑结构功能,Simó M 等 (2025). Neurology,10.1212/WNL.0000000000213651,n=52例SCLC初评（2019–2023前瞻招募）；化疗结束后约1个月复评n=31。人群为SCLC接受规范评估与化疗者。,化疗（基线至化疗结束后复评为主要时间对比）；摘要未将放疗或靶向药列为独立暴露变量,结构MRI；VBM；tract-based白质分析；摘要未报告序列名与层厚,目的：识别SCLC患者CRCI相关生物标志物并观察化疗后变化。结果：基线约31%存在认知损害以执行功能为主；MRI示灰质累及楔前叶与梭状–旁海马区、白质累及扣带回与胼胝体；复评时32%存在CI（7例持续、3例新发chemobrain）；新发与吸烟暴露更高相关，持续CI组诊断时病期更晚比例更高。,神经心理学成套测验；神经元抗体；细胞因子；BDNF；与认知相关的SNV,
2-肺癌原始研究,XiuCen W 等 (2025). Brain Behav,10.1002/brb3.70594,n=338例肺癌患者；2023年7月–2024年7月重庆两所三甲医院呼吸科、肿瘤科与胸外科便利抽样；男性约88.8%、60–69岁约67.2%；以老年肺癌且接受化疗者为分析人群。,化疗相关认知损害为结局语境；摘要未按放疗、靶向或免疫治疗分别定义暴露,未使用神经影像,目的：调查老年肺癌患者化疗相关认知损害的潜在影响因素。结果：FACT-Cog定义下CRCI患病率32.8%；教育程度与血红蛋白为保护因素；退休前职业性质与休闲活动为保护因素；合并焦虑抑郁与重度疲劳为危险因素。,自拟一般与疾病信息问卷；HADS；BFI；PSQI；MMSE；FACT-Cog；血常规（含血红蛋白）,
2-肺癌原始研究,Ho MH 等 (2025). Cancer Nurs,10.1097/NCC.0000000000001530,n=175例新诊断非小细胞肺癌（NSCLC）；另10例完成连续7天、每日两次生态瞬时评估可行性子样本。,非抗肿瘤治疗类型暴露；研究为治疗前或新诊断情境下工具验证与生态评估,未报告脑影像,目的：开发并验证单项移动认知筛查（SIM-Cog）检测CRCI；评价与参考标准一致性、重测信度及生态评估可行性。结果：相对FACT-Cog PCI-18等参考标准AUC约0.928；与焦虑、抑郁、疲劳、睡眠困扰相关；重测信度系数约0.724；受试者对移动调查满意度高。,MoCA香港版5分钟方案；FACT-Cog；焦虑抑郁疲劳疼痛睡眠自评；生态移动调查,
2-肺癌原始研究,Ye L 等 (2025). Support Care Cancer,10.1007/s00520-025-09383-z,n=252例肺癌患者前瞻队列；按7:3随机分为建模集与验证集。癌种摘要统称肺癌未细分NSCLC/SCLC。,模型纳入「治疗」变量（摘要提示联合化疗与CRCI相关）；未在摘要中单独量化放疗或靶向暴露效应,未使用神经影像,目的：在护理精准健康框架下构建预测肺癌患者CRCI的列线图。结果：LASSO筛选后纳入年龄≥65岁、治疗、教育、白蛋白、PLR；训练与验证集ROC-AUC约0.97；校准曲线与DCA显示判别与净获益良好。,血白蛋白；血小板–淋巴细胞比（PLR）；教育程度等临床与实验室协变量,
2-肺癌原始研究,Cheng X 等 (2024). Nutrients,10.3390/nu16234090,n=315例肺癌患者横断面；其中142例采集血液检测氧化应激指标。摘要未区分NSCLC/SCLC或分期细节。,未在摘要中按化疗、放疗或靶向分层；暴露侧为氧化平衡评分与膳食及生活方式因素,未使用神经影像,目的：探讨氧化平衡评分（OBS）与肺癌CRCI的关联及氧化应激标志物的中介作用。结果：CRCI组OBS、膳食OBS及SOD与GPx活性更低；OBS每升1分CRCI风险约降10.6%；维生素E与膳食纤维与CRCI负相关；总OBS与CRCI的关联部分由SOD与GPx中介。,3天24小时膳食回顾；血氧化应激标志物；MoCA,
2-肺癌原始研究,Takemura N 等 (2025). J Cancer Surviv,10.1007/s11764-024-01607-1,父试验随机对照试验中报告有认知损害的亚组：有氧运动组n=49、太极拳组n=48、对照组n=54；对象为晚期肺癌幸存者（合并感知认知损害）。,运动干预（16周太极拳 vs 有氧运动 vs 对照）；摘要未将化疗、放疗或靶向作为主要统计暴露列出,未报告脑影像,目的：比较太极拳与有氧运动对感知认知功能的效果并做症状中介分析。结果：16周及1年随访太极拳组感知认知功能优于有氧运动与对照；12个月时睡眠障碍、疲劳、焦虑、抑郁分别解释干预对认知效应的24%–32%；4个月时焦虑对12个月认知效应有部分中介。,感知认知功能；睡眠、疲劳、焦虑、抑郁量表；三组RCT,
2-肺癌原始研究,Xu XZ 等 (2026). Respir Med,10.1016/j.rmed.2026.108699,n=340（170例新发肺癌患者与170例年龄性别匹配非癌对照）；安徽两省公立医院2023年9月–2024年3月；数据为治疗前基线（尚未开始系统治疗）。,治疗前横断面；无化疗、放疗或靶向「治疗后」暴露,未使用神经影像,目的：识别新发肺癌患者治疗前感知认知损害及相关因素。结果：患者FACT-Cog总分及分量表显著低于对照；患者自述认知损害患病率15.3%高于对照6.5%；疲劳、性别、年龄与抑郁为显著预测因子（模型解释约54.5%方差）。,中文版FACT-Cog；社会人口学与临床问卷；癌症相关症状,
2-肺癌原始研究,Luo J 等 (2023). Asia Pac J Oncol Nurs,10.1016/j.apjon.2023.100200,n=378例中国肺癌患者；2021年10月–2022年7月横断面。摘要统称肺癌未写病理分型。,未在摘要中区分化疗、放疗或靶向治疗暴露,未使用神经影像,目的：探讨疼痛–疲劳–睡眠–抑郁症状群与肺癌CRCI的关联并识别其他影响因素。结果：潜类别得到高、低症状负担两组；高负担组CRCI优势比 crude 约10.1、调整后模型约5.5；病程超过6个月、焦虑、休闲活动少、高PLR等与CRCI相关。,PCI量表；GAD-7；BFI、BPI、PHQ-9、AIS；血小板–淋巴细胞比,
2-肺癌原始研究,Eggen AC 等 (2021). Neurooncol Pract,10.1093/nop/npab056,n=238例受邀中77例完成评估；转移性非小细胞肺癌（mNSCLC）；中位年龄62岁；41例（53%）脑转移；23例（29%）接受过颅脑照射。,颅脑照射与客观认知损害关联有报告；全身化疗或靶向药未在摘要中作为主要多变量暴露逐一列出,摘要未报告脑结构或功能影像；神经心理学与自评,目的：描述mNSCLC患者客观认知损害与认知担忧的频率及相关因素以指导康复策略。结果：40%符合ICCTF客观认知损害、26%存在临床显著认知担忧；两者可并存但严重度互不相关；客观损害与颅脑照射相关；认知担忧与疾病侵扰感及自尊相关。,成套神经心理测验；FACT-Cog PCI；抑郁、士气低落、自尊、躯体症状等问卷,
2-肺癌原始研究,Soria-Comes T 等 (2020). Transl Cancer Res,10.21037/tcr-20-1997,n=70例≥70岁非小细胞肺癌（NSCLC）回顾性分析（2017年1月–2019年4月）；认知正常60例、认知损害10例。,摘要未强调当前或既往化疗、放疗、靶向药作为分组暴露；关注免疫与认知关系,未使用神经影像,目的：比较老年NSCLC患者不同认知状态下的外周免疫参数。结果：认知损害组总T细胞、T细胞与CD8+T细胞计数显著更低；T细胞水平与认知损害风险相关；提示除年龄外免疫状态与认知相关。,Pfeiffer简易认知测验；淋巴细胞亚群与计数；临床协变量,
2-肺癌原始研究,Ma Y 等 (2023). EClinicalMedicine,10.1016/j.eclinm.2023.101987,n=908例入组，倾向评分匹配后1:1共292对；中国三家三甲医院；非小细胞肺癌（NSCLC）；排除脑转移或严重影响认知的疾病；2020.3–2021.3。,免疫检查点抑制剂（ICI）单药治疗组 vs 非ICI对照（倾向评分匹配基线变量）,未使用脑影像,目的：评估ICI单药是否与认知不良事件相关。结果：ICI组多个神经心理成套分测验在6月与12月随访较对照下降更显著（如连线测验12月达认知缺损诊断阈值）；FACT-Cog PCI在3、6、12月等随访显著低于对照；感知认知下降事件发生率与患病率ICI组更高；免疫相关不良事件与感知认知下降发生相关。,神经心理成套测验（NBT）；FACT-Cog PCI；生活质量协变量调整；Kaplan-Meier与log-rank,
2-肺癌原始研究,Zhu X 等 (2025). Compr Psychoneuroendocrinol,10.1016/j.cpnec.2025.100330,肺癌幸存者纵向队列；FACT-Cog与TICS-M多时点：T0为化疗用药前，T1–T5为第一至第五周期化疗后；线性混合模型分析；摘要未报告最终n。,化疗 vs 化疗联合免疫（chemoimmunotherapy）亚组比较：摘要报告两组FACT-Cog/TICS-M差异无统计学意义（p>0.05）,未使用脑影像,目的：刻画肺癌幸存者CRCI纵向轨迹并识别影响因素。结果：教育程度更高、治疗进程更晚与TICS-M升高相关；农村居住与合并症多与FACT-Cog降低相关；治疗进程与TICS-M改善相关；主观FACT-Cog相对稳定而客观TICS-M略升，主客观不一致。,FACT-Cog；TICS-M；人口学与临床协变量,
2-肺癌原始研究,Zheng F 等 (2025). Support Care Cancer,10.1007/s00520-025-09821-y,n=304例老年肺癌化疗患者；2024年1–8月成都某三甲医院横断面。,正在接受化疗（入组即化疗情境）；摘要未区分放疗或靶向,未使用神经影像,目的：调查老年肺癌化疗患者认知衰弱（cognitive frailty）患病率及影响因素。结果：认知衰弱患病率26.3%；多因素logistic显示年龄、人均月收入、就业、医保类型、分期、焦虑、抑郁、营养风险与每日运动时长等独立相关。,一般资料问卷；FRAIL量表；MMSE；HADS；NRS 2002,
2-肺癌原始研究,Son SH 等 (2023). Nucl Med Commun,10.1097/MNM.0000000000001686,n=102例肺癌随机子样本，排除脑转移5例后n=97纳入分析；平均年龄约67.7±10.3岁；治疗前同时完成肺功能与脑FDG PET；韩国。,治疗前横断面；抗肿瘤治疗尚未开始,18F-FDG PET：额顶颞枕皮层及认知相关区域SUV与全脑SUV比值（SUVR）；摘要未写PET采集层厚或重建细节,目的：探讨肺癌患者肺功能与脑葡萄糖代谢及认知的关系。结果：FVC与FEV1占预计值百分比与校正后各脑区FDG SUVR正相关；肺功能下降所致SUVR降低在认知相关区与其他区差异不显著；作者解读为全脑代谢降低可能与灌注下降相关的认知风险。,肺功能（FVC、FEV1 % pred）；临床协变量调整,
2-肺癌原始研究,Zeng H 等 (2025). Lung Cancer,10.1016/j.lungcan.2024.108036,两项III期试验NCT01780675与PREMER合并个体数据；共318例局限期SCLC随机；海马回避（HA）-PCI vs 常规PCI；中位随访约41.7月；多国多中心。,颅脑预防照射：HA-PCI vs PCI；结局含自评认知与脑转移,增强脑MRI于基线至随访24月；摘要未写序列层厚细节,目的：比较HA-PCI与常规PCI对自评认知功能及海马回避区内脑转移发生的影响。结果：纵向GEE示HA-PCI对自评认知功能及认知损害（SCRF<75）无显著影响；两组脑转移发生率及海马区内转移灶数量差异无统计学意义；结论为HA-PCI未改善纵向自评认知亦未增加海马区BM风险。,自评认知功能（SCRF）；MRI监测脑转移；临床试验登记号见原文,
2-肺癌原始研究,Shin JW 等 (2024). Qual Life Res,10.1007/s11136-023-03578-9,n=21例成人肺癌患者半结构访谈至资料饱和；韩国；质性内容分析。,治疗史包括手术+辅助全身治疗、同步放化疗、放射外科等亚组叙述比较,不适用,目的：探讨肺癌患者治疗结束后癌因性疲乏（CRF）体验及影响因素。结果：归纳五主题含能量耗竭、情绪、神经血管与感觉改变、认知损害及个人与社会隔离等；CRF随时间多改善但情绪疲乏可超过6月持续；不同治疗模式疲乏特征不同。,病历电子记录三角验证；主题分析法,
2-肺癌原始研究,Naftali J 等 (2024). Int J Stroke,10.1177/17474930231217670,以色列Clalit健康档案：诊断后5年内接受脑MRI-DWI的成人；肺癌组2056次MRI扫描、非肺癌对照组（乳腺/胰腺/结肠）1598次扫描；回顾性人群研究。,癌症类型（肺癌 vs 非肺癌）为主要分析因素；非针对化疗/放疗/靶向暴露分层,MRI扩散加权成像（DWI）检出脑微梗死（CMI）；摘要未报告扫描仪场强与层厚参数,目的：比较肺癌与非肺癌患者DWI可检出CMI发生率及其累积风险。结果：肺癌组3.5%扫描存在CMI（73/2056）高于非肺癌组1.4%（22/1598）；多因素分析仅癌种与CMI相关；估算肺癌患者CMI年发生率约2.5/年 vs 非肺癌约0.5/年；讨论提示CMI或可作为隐匿脑缺血、认知下降与癌相关卒中风险的标志。,心血管危险因素记录；影像复核,
2-肺癌原始研究,Mancuso A 等 (2006). Ann Oncol,10.1093/annonc/mdj038,n=42例连续入组老年肺癌患者接受化疗；基线及每周期后评估至少至第2周期；意大利罗马。,化疗相关贫血动态变化；部分患者使用促红细胞生成素（EPO）,未使用神经影像,目的：探讨化疗相关贫血与老年肺癌患者综合老年评估（含认知）指标关系。结果：血红蛋白较高与MMSE、ADL/IADL、GDS、CIRS、VAS等更优相关；多数指标改善与Hb升高同步；使用EPO者Hb上升伴各指标改善，未用EPO者Hb下降伴指标恶化。,MMSE；ADL/IADL；GDS；CIRS；VAS；Hb动态,
2-肺癌原始研究,Lau BHP 等 (2020). J Psychosoc Oncol,10.1080/07347332.2020.1722981,RCT；157对肺癌患者-照料者二元组；中国香港；八周平行小组干预；随机至整合身心干预（I-BMS）或认知行为治疗（CBT）。,心理社会干预类型（I-BMS vs CBT）；非抗肿瘤药物暴露比较,不适用,目的：比较两种干预对患者与照料者结局的效果。结果：CBT更降低情绪脆弱性；I-BMS在总体生活质量、灵性自我关怀与抑郁改善更优；两组在身体、情绪与灵性生活质量域均有改善；认知结局非摘要首要报告重点。,多层模型；基线与干预后多次评估,
2-肺癌原始研究,Shin DW 等 (2019). J Thorac Oncol,10.1016/j.jtho.2018.10.158,韩国全国链接数据库回顾队列；13591例残疾人士肺癌与43809例匹配非残疾对照。,残疾类型与严重程度（含沟通/脑-精神残疾等）为暴露；治疗手段为结局变量,不适用,目的：比较残疾与非残疾肺癌患者分期、治疗与生存差异。结果：严重残疾者未知分期比例更高；手术、化疗与放疗接受率更低（aOR<1）；沟通或脑/精神严重残疾者治疗差距最大；校正后死亡风险轻度升高；为卫生服务公平性证据，非CRCI专篇。,NHIS-癌症登记链接数据；logistic与Cox,
2-肺癌原始研究,Simó M 等 (2018). Neuroimage Clin,10.1016/j.nicl.2017.12.032,n=17例SCLC化疗后约1月（C+）、15例NSCLC化疗前（C-）与18名健康对照；年龄性别教育匹配；西班牙巴塞罗那。,SCLC化疗后 vs NSCLC化疗前 vs 健康对照；跨病理类型比较 performance monitoring,未使用MRI；事件相关电位（ERP）Flanker与停止信号任务,目的：探讨肺癌人群错误相关负波（ERN）与 performance monitoring 是否异常及与化疗关系。结果：约20–30%两肺癌组符合认知损害标准；肺癌患者正确率低且ERN振幅较健康对照显著降低；提示癌症本身及化疗可能与 performance monitoring 异常有关；ERN或为敏感客观指标。,神经心理学评估；ERP,
2-肺癌原始研究（病例与文献）,Mandilaras V 等 (2013). Front Pharmacol,10.3389/fphar.2013.00048,老年肿瘤诊所两例描述：75岁男性III期NSCLC诉卡铂–紫杉醇后健忘；65岁女性乳腺癌辅助化疗后等；附CRCI文献简述。,化疗（卡铂–紫杉醇方案等）；非对照研究,未使用脑影像,目的：通过病例说明老年癌症患者治疗相关认知障碍并简述文献。结果：以个案展示化疗后主诉认知下降；回顾性指出前瞻性试验已显示化疗后特定认知域损害。,临床病例叙述,
2-肺癌原始研究,Chen YX 等 (2026). Support Care Cancer,10.1007/s00520-026-10600-6,质性研究；n=20例癌症住院患者；中国三级医院；平均年龄约56.85岁；以乳腺癌与肺癌为主（11女9男）。,失眠与CRCI共病体验；归因含化疗或年龄等；中西医结合自我管理语境,不适用,目的：探讨失眠合并CRCI患者的体验与整合自我管理策略。结果：三主题：症状群复合体验；多因素归因影响应对；治疗十字路口上主动寻求平衡与控制；呼吁文化适切支持照护。,半结构访谈；Braun-Clarke主题分析,
2-肺癌原始研究,Eggen AC 等 (2020). J Pain Symptom Manage,10.1016/j.jpainsymman.2020.02.023,mNSCLC门诊横断面试点；n=78；中位年龄62岁；中位诊断后约11月；53%脑转移；加拿大与荷兰参与中心。,脑转移存在与否（分层分析未见组间死亡焦虑或主客观认知显著差异）；抗肿瘤治疗细节未作为主要回归暴露列出,未使用脑影像,目的：识别与死亡焦虑相关的心理、躯体及疾病因素（含脑转移与认知）。结果：43%至少中度死亡焦虑；客观认知损害41%、主观27%；脑转移与否在死亡焦虑与认知指标上无显著差异；多因素示士气低落与疾病侵扰感与死亡焦虑相关。,神经心理测验组合z分；死亡焦虑、认知担忧、抑郁、自尊等量表,
2-肺癌原始研究,Chai J 等 (2024). Future Oncol,10.1080/14796694.2024.2428586,RCT；n=153例NSCLC；中国；CALM干预6次/12周对比常规照护。,CALM心理干预 vs 常规照护；非化疗药物比较,不适用,目的：评估CALM对癌因性疲乏、生活质量与心率变异性的影响。结果：干预组总体与行为、情绪、感觉及认知维度CRF及QoL随疗程显著改善；SDNN与HF升高；CRF与HRV及QoL相关；认知疲乏为分量表结局之一。,CRF量表；QoL；HRV,
2-肺癌原始研究,van Oosterhout AG 等 (1995). Int J Radiat Oncol Biol Phys,10.1016/0360-3016(94)00579-6,n=32例连续SCLC；排除脑转移；荷兰；治疗含预防性全脑照射（PCI）前后系列神经心理学随访至PCI后约5月并与匹配对照比较。,PCI及全身治疗序列内纵向观察；摘要未单独分离化疗效应,无神经影像；神经心理学测验,目的：观察SCLC患者治疗相关认知功能动态。结果：治疗前患者神经心理表现已显著差于对照；治疗期及之后5月内未见显著进一步恶化；作者解读提示病相关认知损害；强调神经毒性研究需治疗前基线。,神经系统查体；成套神经心理测验,
2-肺癌原始研究,Tang Y 等 (2024). J Neurosci Res,10.1002/jnr.25256,n=45例右利手肺癌伴骨转移痛（BMP+）、37例无骨转移痛肺癌（BMP-）与45名健康对照；中国重庆。,骨转移痛表型（BMP+ vs BMP-）为主要分组；非化疗暴露主分析,基于体素的形态学（VBM）与静息态功能连接；摘要未写明MRI场强与层厚,目的：探讨骨转移痛对肺癌患者灰质体积与功能网络的影响。结果：BMP+较健康对照内侧额回与右中颞回GMV降低；较BMP-小脑与左舌回GMV降低；右MTG灰质与焦虑正相关；BMP+较对照增强MFG/右MTG与小脑间FC；讨论与疼痛调控及情绪认知处理相关。,焦虑评分；Pearson相关；ROC探索,
3-肺癌综述,Hou T 等 (2024). Eur J Oncol Nurs,10.1016/j.ejon.2024.102657,纳入17项观察性研究；对象为肺癌患者认知损害相关因素研究（具体病理类型与样本量分布见原文）。,综述归纳的治疗相关因素包括颅脑照射、化疗、叶切除、术后谵妄及用药等（来自纳入文献）,综述转述纳入研究中有默认网络连接改变等神经影像发现；非本综述新采集数据,目的：系统综述肺癌患者认知损害的相关因素。结果：归纳20类相关因素涵盖心理、生活方式与功能、医疗治疗与神经免疫等维度。,Newcastle–Ottawa质量评价；多数据库检索至2024年1月,
3-肺癌综述,Ye L 等 (2024). Support Care Cancer,10.1007/s00520-024-08873-w,9项研究共约1305例肺癌患者；质量为高或中等。,Meta分析显示颅脑照射为危险因素；其他治疗类型未在摘要OR中逐项报告,不适用（系统综述与Meta）,目的：系统识别肺癌患者CRCI的危险因素并定量合并。结果：高龄、颅脑照射、焦虑与症状群负担OR升高；体力活动为保护因素。,AHRQ与NOS评价；RevMan 5.4合并OR,
3-肺癌综述,Ho MH 等 (2024). Support Care Cancer,10.1007/s00520-024-08402-9,12项研究共1934名肺癌幸存者；均为低偏倚风险。,治疗因素在讨论中间接涉及；摘要重点非单一治疗暴露估计,不适用（系统综述与比例Meta）,目的：合并肺癌幸存者CRCI患病率并总结评估工具。结果：合并CRCI患病率约26%；约33%纳入研究使用ICCTF标准；地区与异质性相关；未提示小样本发表偏倚。,ICCTF等工具使用情况；亚组、meta回归与留一法分析,
3-肺癌综述,Sun H 等 (2019). BMC Cancer,10.1186/s12885-019-6426-2,系统综述与Meta分析；最终纳入14项研究共约1404例老年肺癌患者手术麻醉相关认知；多数研究在亚洲人群。,全身麻醉药物比较：丙泊酚 vs 七氟醚（术后认知结局）,不适用,目的：比较丙泊酚与七氟醚麻醉对老年肺癌患者术后认知功能的影响。结果：Meta显示术后多个时点MMSE丙泊酚组更差；术后24h血清S100β丙泊酚组更高；作者结论为丙泊酚较七氟醚对术后认知不利影响更大。,MMSE；血清S100β；随机或前瞻性队列文献,
3-肺癌综述,Zhang Z 等 (2025). Front Aging Neurosci,10.3389/fnagi.2025.1550319,叙述性综述；汇总MRI等神经影像文献，分COPD、COVID-19、肺癌与其他肺病四类讨论。,综述指出肺癌患者脑改变多与放化疗神经毒性相关；癌痛患者运动与视觉网络功能连接改变等,以MRI为主的多研究综合；非统一原始采集参数,目的：从神经影像角度总结肺疾病相关脑结构与功能改变及肺–脑轴概念。结果：归纳不同肺病脑改变模式；指出肺癌部分研究强调放化疗所致皮层下结构损害等局限包括样本小、缺少纵向与可靠生物标志物等。,文献综述,
3-肺癌综述,Cerulla Torrente N 等 (2020). J Cancer Surviv,10.1007/s11764-020-00870-2,PRISMA综述；纳入59项（47项化疗与认知纵向研究+12项危险因素/影像/治疗相关综述）；检索2004–2019；覆盖非CNS多癌种含肺癌。,以化疗相关CRCI为主；亦讨论影像与治疗干预文献,神经影像部分为纳入文献的综合叙述,目的：更新非CNS癌症患者化疗相关CRCI的发生率、认知模式、影像发现及与衰老关系并讨论方法学局限。结果：多数研究示化疗后认知损害；乳腺文献最多亦有肺、结直肠、睾丸癌等；影像示结构与激活改变；非药物治疗可改善认知与生活质量。,MEDLINE与Scopus；PRISMA,
3-肺癌综述,Rovito MJ 等 (2025). Cancer Med,10.1002/cam4.71383,范围综述（scoping review）；纳入29项研究；覆盖结直肠、睾丸、肺、前列腺与血液肿瘤等；排除乳腺癌专篇。,综述按癌种与治疗方式讨论化疗、放疗、激素等贡献,提及需更敏感工具与神经影像；非本综述新采集,目的：梳理非乳腺癌人群CRCI证据缺口。结果：认知下降严重度与持续时间因癌种与治疗而异；MMSE等对细微改变敏感性不足；样本小与自报偏倚限制非乳腺CRCI刻画；呼吁纵向与先进神经影像。,文献范围综述方法,
3-肺癌综述,Montrone M 等 (2023). J Clin Med,10.3390/jcm12051833,叙述综述；聚焦老年NSCLC与免疫检查点抑制剂（ICI）；意大利等多中心视角。,ICI在老年/合并症人群的应用与免疫衰老；与化疗毒性对比的临床语境,不适用,目的：综述老年NSCLC免疫治疗生物学与临床证据。结果：讨论合并症、器官功能与认知恶化等使老年治疗复杂化；ICI相对化疗毒性较低但在超高龄获益可能减弱；与免疫衰老相关；非CRCI专篇但提及认知恶化作为治疗挑战之一。,文献综合,
3-肺癌综述,Attili I 等 (2024). Cancers (Basel),10.3390/cancers16132457,叙述性对比ALEX与CROWN试验；一线ALK阳性NSCLC；alectinib vs lorlatinib间接比较。,ALK-TKI（alectinib vs lorlatinib）颅内疗效与毒性谱,引用试验中BICR颅内评估等；非新采集影像,目的：对比两种一线ALK抑制剂疗效与安全性差异。结果：lorlatinib在PFS与颅内完全缓解率等数值上更优；特殊毒性包括血脂、外周水肿与认知相关不良反应；作者认为lorlatinib疗效更高且总体毒性可管理。,三期试验公开数据二次分析,
3-肺癌综述,Fabbri L 等 (2023). Diagnostics (Basel),10.3390/diagnostics14010048,叙述性临床评述；lorlatinib在ALK与ROS1阳性NSCLC中的定位与毒性。,第三代ALK-TKI lorlatinib；颅内活性与神经不良反应语境,讨论血脑屏障穿透与颅内疗效；非原始影像采集,目的：批判性总结lorlatinib从研发到临床应用的获益与弱点。结果：强调神经不良反应与认知安全顾虑为临床应用主要张力；与耐药及二线选择困境一并讨论。,文献与试验数据综合,
3-肺癌综述,Fallet V 等 (2022). Bull Cancer,10.1016/j.bulcan.2022.01.011,法语专家共识式综述；多学科小组基于文献与经验提出lorlatinib中枢不良反应管理要点。,ALK阳性晚期NSCLC的lorlatinib治疗,强调临床筛查工具需求；非影像研究,目的：总结lorlatinib相关CNS不良反应（含认知、言语与情绪）的流行病学与实践管理建议。结果：文献报道神经精神不良反应近约40%且多为轻中度；提出筛查评估、副作用处理与预防的临床实践要素。,多学科专家意见与文献,
其他（AD睡眠）,Brzecka A 等 (2018). Front Neurosci,,阿尔茨海默病相关睡眠障碍迷你综述。,AD病理与睡眠,不适用,目的：概述AD患者睡眠紊乱与认知及预后关系。结果：讨论睡眠呼吸障碍、RLS与类淋巴清除等；非肺癌。,文献综合,
其他（副肿瘤神经）,Gong S 等 (2022). Front Immunol,,个案报道；56岁男性；副肿瘤性边缘叶脑炎（PLE）伴癫痫与快速进展认知障碍；最终病理证实食管旁SCLC。,肿瘤相关自身免疫（抗SOX1与抗GABA-B受体抗体）；免疫治疗（IVIG、激素等）,脑MRI初诊可无海马异常信号，复发后示海马异常；PET-CT提示高代谢；非CRCI机制研究设计,目的：提高对边缘叶脑炎合并抗体与隐匿SCLC的认识。结果：诊治经过显示认知障碍可为副肿瘤表现；强调肿瘤筛查与抗体检测。,血清/脑脊液抗体；癫痫与免疫治疗,
其他（多病症残疾）,Quiñones AR 等 (2018). J Gerontol A Biol Sci Med Sci,,美国NHATS全国代表性队列；n=4017名≥65岁Medicare受益人；2013基线2014随访。,多病症组合（含癌症、肺病、抑郁与认知损害等慢性病编码）,不适用,目的：比较多病症组合类型与前瞻ADL/IADL残疾关系。结果：含抑郁与认知损害的组合与更高残疾相关；与肺癌CRCI无直接对应。,NHATS；回归模型,
其他（检索噪声/非CRCI核心）,Margolin E 等 (2026). StatPearls [Opsoclonus],,教科书章节；非原始数据样本。,不适用；文中述及成人副肿瘤性眼阵挛可与小细胞肺癌等相关,提及脑脊髓MRI为鉴别诊断手段之一；非肺癌CRCI研究设计,目的：阐述眼阵挛–眼阵挛肌阵挛综合征病因、机制与评估。结果：与肺癌CRCI项目关联弱，仅在鉴别诊断中顺带提及SCLC等副肿瘤病因。,综述性条目；PMID 33232023,
其他（环境与毒理）,Chen QY 等 (2021). Annu Rev Pharmacol Toxicol,,砷暴露与疾病负担叙述综述；非临床肿瘤治疗研究。,环境砷暴露,不适用,目的：综述砷的来源、健康危害与防控缺口。结果：高暴露与皮肤病变、认知损害及肺肝肾等癌症相关；与肺癌CRCI治疗研究无直接对应。,全球疾病负担与毒理机制综述,
其他（环境毒理综述）,Li H 等 (2025). Ecotoxicol Environ Saf,,叙述综述；吸入暴露与肺–脑轴；无独立患者样本量。,烟草烟雾与环境化学颗粒物等吸入暴露,综述层面讨论神经影像与标志物缺口；非统一参数,目的：比较吸烟与化学污染物经肺–脑轴影响神经健康的机制与政策含义。结果：归纳炎症、氧化应激与BBB破坏等可导致神经认知下降与癌症；指出长期人群数据不足；为环境共暴露与肺–脑轴背景文献。,机制与政策讨论,
其他（理论综述）,Castillo X 等 (2019). Front Neurosci,,多学科作者概念综述；非肺癌患者原始数据。,不适用,不适用,目的：提出神经退行病因学替代框架（血管、炎症等路径）。结果：讨论血管–脑相互作用与认知障碍等；非肺癌CRCI证据。,概念性综述,
其他（痴呆照料）,Kuroda Y 等 (2024). Cancer Med,,日本记忆门诊相关邮寄调查；826例认知下降个体及其主要照料者；观察性。,照料者健康素养与癌症筛查依从,不适用,目的：分析认知下降人群癌症筛查模式及照料者素养影响。结果：记忆门诊队列女性65–74岁乳腺癌筛查率低于全国平均；高沟通素养照料者与胃、结直肠、乳腺（女性）及肺癌筛查（男性）依从增加相关。,问卷自报筛查行为；逻辑回归,
其他（癌相关卒中）,Dawod J 等 (2023). J Stroke Cerebrovasc Dis,,前瞻性调查；2021–2022两家四级卒中与肿瘤中心；n=50例活动性癌症合并近期缺血性卒中；平均年龄约70岁；87%实体瘤以肺癌、前列腺、乳腺为常见。,卒中与癌症共存情境；抗栓偏好等,不适用,目的：开发并应用问卷评估癌相关卒中患者QoL驱动因素与未来担忧。结果：当前QoL最受影响依次为卒中残疾、癌痛与依赖；未来担忧首位为认知/记忆损害（28%问卷列第一）；其次为依赖与言语障碍；抗栓策略偏好异质性大。,结构化调查访谈,
其他（神经免疫）,Zhu F 等 (2020). Front Neurol,,北京天坛医院单中心回顾；2015.8–2019.9；14例抗GABA-B受体脑炎。,自身免疫性脑炎；非肺癌专病队列,脑MRI颞叶内侧高信号；PET代谢异常；部分合并肿瘤筛查,目的：总结抗GABA-B受体脑炎临床特征。结果：癫痫、认知障碍与精神行为突出；3例肺部结节高代谢等提示肿瘤筛查；1例死于肺癌；与肺癌CRCI为鉴别与共病背景参考。,脑脊液、EEG、MRI、PET,
其他（神经自身免疫）,Budhram A 等 (2021). J Neurol Neurosurg Psychiatry,,Mayo队列回顾；高滴度GAD65抗体患者临床谱（323例筛查中212例确诊神经自身免疫）。,GAD65抗体相关神经综合征,不适用,目的：描述高滴度GAD65抗体相关表现、治疗反应与预后因子。结果：核心表现含SPSD、小脑性共济失调、癫痫与边缘叶脑炎等；认知损害多作为合并现象；与肺癌CRCI为鉴别诊断背景。,图表回顾；免疫治疗反应统计,
其他（糖尿病）,Brzecka A 等 (2021). Curr Neuropharmacol,,2型糖尿病、睡眠与认知关联叙述综述；作者单位含肺癌相关科室但主题为代谢病。,高血糖与睡眠障碍等,不适用,目的：综述睡眠障碍与T2DM及认知损害的联系及可能机制。结果：讨论睡眠呼吸暂停、失眠、类淋巴清除等与认知风险；非肺癌CRCI主线。,文献综合,
其他（糖尿病）,Mauricio D 等 (2020). Trends Endocrinol Metab,,糖尿病慢性并发症概念综述。,慢性高血糖及多器官损害,不适用,目的：呼吁超越经典大血管概念关注非经典并发症。结果：列举认知下降、肺功能受损与癌症风险等；非肺癌治疗研究。,观点综述,
其他（老年社会医学泛论）,Dhar HL (2001). J Assoc Physicians India,,叙述性综论；非系统数据样本；印度语境下老年健康。,不适用,不适用,目的：讨论性别、老龄化与健康社会决定因素。结果：泛论老年抑郁、骨质疏松及男女特异问题；提及女性乳腺癌与肺癌等；与肺癌CRCI项目关联极弱。,—,
其他（非肺癌队列）,Zhu C 等 (2025). Pain Ther,,CHARLS 2020横断面；n=9544名≥45岁中国中老年；疼痛潜类别与认知、情绪、功能关联。,非癌症特异性暴露；慢性疼痛表型,不适用,目的：识别疼痛部位模式潜类别及其与认知损害、抑郁与ADL的关系。结果：四潜类别；广泛疼痛组与认知损害、抑郁及ADL/BADL/IADL困难关联更强；与肺癌CRCI项目为一般人群共病参考。,CHARLS问卷与协变量,
其他（非肿瘤）,Márquez F 等 (2025). JAMA Netw Open,,美国HCHS/SOL附属神经认知衰老研究；5712名50–86岁西班牙裔/拉丁裔成人（加权）；2016–2018横断面。,血浆AD相关生物标志物（Aβ42/40、p-tau181、NfL、GFAP）,不适用,目的：检验血浆生物标志物与主观认知下降（SCD）关联。结果：ln(p-tau181)、ln(NfL)、ln(GFAP)与ECog-12多域评分相关；Aβ42/40无显著关联；与肺癌CRCI无直接对应。,ECog-12；Simoa血浆检测；APOE等协变量,
其他（食品科学综述）,Wang F 等 (2022). Crit Rev Food Sci Nutr,,辣椒素提取、纯化、生物活性综述；非临床肿瘤队列。,辣椒素药理,不适用,目的：综述辣椒素生物学效应与机制。结果：述及抗癌、镇痛与「认知损害」相关文献片段；与肺癌CRCI治疗链关联极弱。,食品与药理文献,
其他文献类型,Ye L 等 (2024). Support Care Cancer (Correction),,勘误/更正启事；无新纳入患者数据。,不适用,不适用,目的：对已发表之「肺癌CRCI危险因素系统综述与Meta分析」进行更正。结果：见原论文及本勘误DOI；不在此重复Meta定量结果。,指向原文 10.1007/s00520-024-08773-z；本勘误DOI 10.1007/s00520-024-09097-8,
其他文献类型,Capetti B 等 (2025). Front Psychol,,研究方案；计划招募约200例NSCLC与SCLC；米兰欧洲肿瘤研究所等；纵向随访治疗结束后12月。,手术或辅助全身治疗完成后随访；具体化疗/免疫/靶向组合依临床路径,方案含MoCA与MMSE及成套神经心理；未报告已采集影像,目的：阐述肺癌患者治疗前后认知与心理社会结局前瞻性研究方案。结果：方案层面说明T0及治疗后4月与12月评估点、ICCTF标准与自报认知及情绪睡眠QoL工具；结果待发表。,MoCA、MMSE、FAB、Stroop、AVLT、TMT、SDMT等；伦理批件见原文,
其他癌症/混合/非肺癌主题,Oppegaard KR 等 (2025). J Neural Transm,,n=508例可分析；混合癌种（乳腺、胃肠、妇科、肺癌等）接受化疗的门诊患者；两个化疗周期内六次评估。,化疗（两个周期内纵向）；非单一肺癌队列,未使用脑影像；外周血RNA测序或芯片与通路分析,目的：以数据驱动比较高与低自述CRCI亚组的转录组通路差异。结果：7条与神经传递相关的KEGG通路（谷氨酸能、GABA能、多巴胺能、5-羟色胺能突触等）与High CRCI相关。,Attention Function Index六次；基因表达与通路影响分析,
其他癌症/混合/非肺癌主题,Schweppe CA 等 (2025). J Cancer Surviv,,185项NIH资助CRCI相关课题（2017–2024）；非患者个体样本。,基金层面统计：化疗与放疗课题占比较高；免疫治疗与激素治疗等提及不足,不适用（文献计量）,目的：分析NIH CRCI资助格局、趋势与空白。结果：临床与临床前比例及癌种分布以乳腺、CNS、血液肿瘤为主；肺癌、结直肠癌与前列腺癌等高发癌研究相对不足。,基金目标与方法字段编码,
其他癌症/混合/非肺癌主题,Sun H 等 (2023). Cancer Med,,文献综述；非原始患者队列。,乳腺癌脑转移治疗语境；非肺癌CRCI患者样本,综述未统一报告影像采集参数,目的：综述乳腺癌脑转移证据与治疗方向。结果：强调脑转移带来严重认知与生存质量影响及分子机制与治疗策略（非肺癌CRCI核心证据）。,分子通路文献整合,
其他癌症/混合/非肺癌主题,Ibrar M 等 (2024). JMIR Res Protoc,,研究方案；纳入样本待系统综述完成后确定。,不适用（方案阶段）,不适用（方案阶段）,目的：陈述多癌种CRCI患者体验定性系统综述的研究方案。结果：方案层面描述检索、CASP评价与主题分析法；预期纳入含肺癌等多癌种访谈与调查类研究。,PubMed、PsycINFO、CINAHL、Scopus等检索策略,
其他癌症/混合/非肺癌主题,Xia L 等 (2020). Cancer Med,,伞形综述基于30篇Meta分析；覆盖多癌种与老年人群。,不适用（肌少症与预后结局）,不适用,目的：评估肌少症与多种不良健康结局关联的证据强度。结果：肌少症与多癌种不良预后及老年人认知损害、跌倒、住院等风险相关；多数结局证据GRADE为低或极低。,AMSTAR与GRADE,
其他癌症/混合/非肺癌主题,Oppegaard KR 等 (2023). Nurs Res,,n=1343例；乳腺、胃肠、妇科或肺癌；近4周内接受过化疗且计划继续化疗的门诊成人。,化疗（入组要求为活跃化疗）；癌种为混合,未使用脑影像,目的：用结构回归评估多因素CRCI概念模型中各维度对自述CRCI的相对贡献。结果：共病症状潜变量解释方差最大，治疗因素潜变量最小；四外生潜变量同时对CRCI的联合结构回归模型整体不显著。,Attention Function Index；社会决定因素、患者因素、治疗因素、症状等潜变量构建,
其他癌症/混合/非肺癌主题,Lycke M 等 (2017). Psychooncology,,n=125例计划接受根治性治疗的实体瘤或血液肿瘤患者；平均年龄约60.9岁；女性约65.6%；肺癌约占3.2%。,根治性治疗前基线评估；非针对特定抗肿瘤药物类别的暴露比较,未使用脑影像,目的：识别计划根治性治疗前癌症患者基线CRCI的预测因素。结果：约29.6%存在基线CRCI；较低既往智商与较高疲劳预测基线CRCI。,神经心理学多领域测验；焦虑抑郁疲劳与认知主诉等PROM,
其他癌症/混合/非肺癌主题,Dhanawat A 等 (2022). Ecancermedicalscience,,n=597例≥60岁实体瘤患者回顾性分析（2018.6–2021.7老年肿瘤门诊前瞻数据库）；男性约77.4%、中位年龄69岁；肺癌约40.9%、胃肠约31.7%、头颈约12.6%；41例（6.9%）脑转移。,非治疗类型比较为主；结论段提及需进一步研究颅脑放疗与化疗对认知下降的影响,未使用神经影像,目的：描述老年癌症患者合并脑转移者的认知损害（MMSE）患病率并与无脑转移者比较。结果：脑转移组26.8% vs 无脑转移组16.4%认知损害，差异未达统计学显著（p=0.086）；作者建议后续关注放疗与化疗对认知轨迹的影响。,MMSE（文盲者用印地语MMSE）；卡方检验脑转移与认知损害关联,
其他癌症/混合/非肺癌主题,Országhová Z 等 (2021). Front Mol Biosci,,叙述综述；无独立患者样本。,综述涵盖化疗、放疗、激素与新型全身治疗及治疗前认知等语境,综述提及影像学生物标志物潜力；非原始采集,目的：总结CRCI长期影响、危险因素、可能机制与生物标志物。结果：强调定义与测量异质性、主客观关联弱；除乳腺外亦述及肺、结直肠等多癌种；机制涉及神经毒性、炎症、DNA损伤与内皮功能障碍等；提及血浆与影像标志物探索方向。,文献综合,
其他癌症/混合/非肺癌主题,Gabriel K 等 (2025). Signal Transduct Target Ther,,PubMed未收录结构化摘要；综述/观点类文章（CAR T治疗后认知损害长期后果）。非肺癌专篇。,CAR T细胞治疗（免疫治疗）后迟发性认知损害及相关神经生物学机制讨论语境,未在PubMed摘录中说明临床神经影像方案,目的：综述CAR T治疗长期不良反应中认知损害的时间进程与可能机制。结果：PubMed页面提示与急性CRS/ICANS相比认知损害可在数月乃至数年后出现；机制涉及脑脊液细胞因子/趋化因子升高、皮层下少突胶质细胞减少与小胶质激活等（参见原文图注与全文）。,引用近年CAR T相关神经认知与临床前文献；PMC全文链接见PubMed,
其他癌症/混合/非肺癌主题,Zeng Y 等 (2023). Asia Pac J Oncol Nurs,,n=165例癌症患者横断面；平均年龄约47.74±10.59岁；癌种含肺、肝、乳腺与结直肠癌等；约88.5%为早期分期（n=146）。,未按治疗类型分层；工具验证研究,沉浸式VR认知评估；非传统MRI/PET结构报告,目的：评价自管沉浸式VR工具测评癌症患者认知损害的可行性与效标关联。结果：VR任务成绩与纸质神经心理测验呈中至高度正相关（r约0.34–0.76）；模拟眩晕评分低提示耐受性可接受。,纸质神经心理测验（注意、记忆、处理速度、执行与言语流畅性等域）；VR呈现度与不良反应评分,
其他癌症/混合/非肺癌主题,Arinaga M 等 (2025). Int J Mol Sci,,Lewis肺癌（3LL）移植小鼠模型；行为与分子实验；非人类临床研究。,肿瘤移植诱导CRCI样表型；药物暴露为Tabernanthalog（TBG）干预,未使用临床神经影像,目的：在动物模型探讨非致幻吲哚类化合物TBG对癌症相关认知情绪损害的改善及机制。结果：荷瘤鼠焦虑样与记忆损害；色氨酸降低、5-HT受体基因下调与炎症基因上调及小胶质激活；TBG改善行为并部分逆转分子与小胶质改变；体外TBG抑制3LL条件培养基诱导的小胶质炎症基因。,行为学；血与海马生化；BV-2细胞体外,
其他癌症/混合/非肺癌主题,Ungvari Z 等 (2026). Geroscience,,TCGA与GEO等多数据库转录组；多癌种汇总；肺癌亚组中PCSK9表达与总生存关联在可用数据集中未达统计学显著。,不适用（基因表达与预后关联）,不适用,目的：系统评估PCSK9表达跨癌种预后意义。结果：乳腺癌/卵巢癌等呈保护或有害关联；肺癌等多种癌种在可用数据集中未观察到OS与PCSK9显著关联；与CRCI无直接对应。,Cox与KM生存分析；RNA-seq/芯片,
其他癌症/混合/非肺癌主题,Ungvari Z 等 (2026). Geroscience,,多队列转录组公共数据；肺癌患者总例数摘要合并约2167例级别；SenMayo等衰老相关基因集。,不适用（基因签名预后）,不适用,目的：评估衰老/细胞衰老相关基因表达对肺癌生存的预后价值。结果：多签名与OS等显著相关；腺癌与鳞癌模式不同；为肿瘤生物学与预后研究，非CRCI临床结局。,Cox与KM；多数据集验证,
其他癌症/混合/非肺癌主题,Ungvari Z 等 (2026). Geroscience,,KM Plotter数据库等；n=2167肺癌转录组与生存关联分析；14基因NRF2激活签名。,不适用（NRF2通路活性与预后）,不适用,目的：评估NRF2通路激活对肺癌临床结局预测及抗氧化干预警示。结果：高NRF2签名与更差OS、首次进展与进展后生存相关；腺癌、淋巴结阴性及女性中效应突出；讨论NRF2诱导剂在患癌或高危人群需谨慎。,Cox回归；KM曲线,
其他癌症/混合/非肺癌主题,Dwek MR 等 (2017). Psychooncology,,系统综述；1980–2016文献；最终纳入17项实体瘤化疗研究；其中明确提及肺癌仅1项、乳腺癌占多数。,化疗；客观认知与HRQoL关系,不适用,目的：系统评价实体瘤患者化疗相关客观认知改变与健康相关生活质量关系。结果：17项中15项发现某种认知损害；仅3项报告客观认知域与特定HRQoL结局显著相关；总体关系不一致；归因于测量工具、定义、样本量及癌种与治疗差异。,多数据库检索；综述方法学讨论,
其他癌症/混合/非肺癌主题,Schiaffino MK 等 (2023). J Geriatr Oncol,,SEER-Medicare回顾；n=337932例≥68岁首次原发癌（乳腺、宫颈、结直肠、肺、口腔、前列腺）；另5%非癌对照。,癌前三年ADRD诊断患病模式,不适用,目的：估计癌前ADRD患病率及种族差异。结果：癌前3年内ADRD总患病率约5.6%；黑人患者在多种癌种（含肺癌约8.41%）中患病率高于白人；强调需加强认知评估与照护协调。,行政理赔与肿瘤登记链接数据,
其他癌症/混合/非肺癌主题,Kim SH (2025). Int J Nurs Stud,,韩国在线癌症幸存者社区二次分析横断面；n=1019例已完成治疗的乳腺、结直肠、肺、胃与甲状腺癌幸存者。,化疗和/或放疗史与幸存忧虑报告相关,不适用,目的：描述韩国治疗后幸存者忧虑谱及其与EORTC QoL关系。结果：忧虑患病率34.7%–78.4%；认知功能障碍报告约60.5%为最常见忧虑之一；疲乏与失眠等亦高；回归示各类忧虑预测QoL分量表。,NCCN幸存清单；EORTC QLQ-C30,